Title,Category,Published_Date,Author,Views
New Tech Trends in 2024,Technology,2024-10-01,John Smith,1500
Climate Change Effects on Economy,Environment,2024-10-02,Emily Clark,1200
AI Advancements in Healthcare,Healthcare,2024-10-03,Dr. Alan Turing,5000
Global Stock Market Overview,Finance,2024-10-04,Michael Yang,4000
Cybersecurity Threats in 2024,Security,2024-10-05,Sara Lee,2000
Breakthrough in Quantum Computing,Technology,2024-10-06,Dr. Marie Curie,3000
Renewable Energy Adoption Rates,Energy,2024-10-07,Thomas Edison,1800
Cryptocurrency Market Analysis,Finance,2024-10-08,Satoshi Nakamoto,2500
Space Exploration Milestones,Science,2024-10-09,Neil Armstrong,3200
Education in the Digital Age,Education,2024-10-10,Jane Doe,4100
